{
  "@babel/code-frame@7.28.6": {
    "licenses": "MIT",
    "repository": "https://github.com/babel/babel",
    "publisher": "The Babel Team",
    "path": "/home/aoaaaaaa/projetos/license-config/node_modules/@babel/code-frame",
    "licenseFile": "/home/aoaaaaaa/projetos/license-config/node_modules/@babel/code-frame/LICENSE"
  },
  "@babel/generator@7.28.6": {
    "licenses": "MIT",
    "repository": "https://github.com/babel/babel",
    "publisher": "The Babel Team",
    "path": "/home/aoaaaaaa/projetos/license-config/node_modules/@babel/generator",
    "licenseFile": "/home/aoaaaaaa/projetos/license-config/node_modules/@babel/generator/LICENSE"
  },
  "@babel/helper-globals@7.28.0": {
    "licenses": "MIT",
    "repository": "https://github.com/babel/babel",
    "publisher": "The Babel Team",
    "path": "/home/aoaaaaaa/projetos/license-config/node_modules/@babel/helper-globals",
    "licenseFile": "/home/aoaaaaaa/projetos/license-config/node_modules/@babel/helper-globals/LICENSE"
  },
  "@babel/helper-string-parser@7.27.1": {
    "licenses": "MIT",
    "repository": "https://github.com/babel/babel",
    "publisher": "The Babel Team",
    "path": "/home/aoaaaaaa/projetos/license-config/node_modules/@babel/helper-string-parser",
    "licenseFile": "/home/aoaaaaaa/projetos/license-config/node_modules/@babel/helper-string-parser/LICENSE"
  },
  "@babel/helper-validator-identifier@7.28.5": {
    "licenses": "MIT",
    "repository": "https://github.com/babel/babel",
    "publisher": "The Babel Team",
    "path": "/home/aoaaaaaa/projetos/license-config/node_modules/@babel/helper-validator-identifier",
    "licenseFile": "/home/aoaaaaaa/projetos/license-config/node_modules/@babel/helper-validator-identifier/LICENSE"
  },
  "@babel/parser@7.28.6": {
    "licenses": "MIT",
    "repository": "https://github.com/babel/babel",
    "publisher": "The Babel Team",
    "path": "/home/aoaaaaaa/projetos/license-config/node_modules/@babel/parser",
    "licenseFile": "/home/aoaaaaaa/projetos/license-config/node_modules/@babel/parser/LICENSE"
  },
  "@babel/template@7.28.6": {
    "licenses": "MIT",
    "repository": "https://github.com/babel/babel",
    "publisher": "The Babel Team",
    "path": "/home/aoaaaaaa/projetos/license-config/node_modules/@babel/template",
    "licenseFile": "/home/aoaaaaaa/projetos/license-config/node_modules/@babel/template/LICENSE"
  },
  "@babel/traverse@7.28.6": {
    "licenses": "MIT",
    "repository": "https://github.com/babel/babel",
    "publisher": "The Babel Team",
    "path": "/home/aoaaaaaa/projetos/license-config/node_modules/@babel/traverse",
    "licenseFile": "/home/aoaaaaaa/projetos/license-config/node_modules/@babel/traverse/LICENSE"
  },
  "@babel/types@7.28.6": {
    "licenses": "MIT",
    "repository": "https://github.com/babel/babel",
    "publisher": "The Babel Team",
    "path": "/home/aoaaaaaa/projetos/license-config/node_modules/@babel/types",
    "licenseFile": "/home/aoaaaaaa/projetos/license-config/node_modules/@babel/types/LICENSE"
  },
  "@chevrotain/cst-dts-gen@11.0.3": {
    "licenses": "Apache-2.0",
    "repository": "https://github.com/Chevrotain/chevrotain",
    "path": "/home/aoaaaaaa/projetos/license-config/node_modules/@chevrotain/cst-dts-gen",
    "licenseFile": "/home/aoaaaaaa/projetos/license-config/node_modules/@chevrotain/cst-dts-gen/LICENSE.txt"
  },
  "@chevrotain/gast@11.0.3": {
    "licenses": "Apache-2.0",
    "repository": "https://github.com/Chevrotain/chevrotain",
    "path": "/home/aoaaaaaa/projetos/license-config/node_modules/@chevrotain/gast",
    "licenseFile": "/home/aoaaaaaa/projetos/license-config/node_modules/@chevrotain/gast/LICENSE.txt"
  },
  "@chevrotain/regexp-to-ast@11.0.3": {
    "licenses": "Apache-2.0",
    "repository": "https://github.com/Chevrotain/chevrotain",
    "path": "/home/aoaaaaaa/projetos/license-config/node_modules/@chevrotain/regexp-to-ast",
    "licenseFile": "/home/aoaaaaaa/projetos/license-config/node_modules/@chevrotain/regexp-to-ast/LICENSE.txt"
  },
  "@chevrotain/types@11.0.3": {
    "licenses": "Apache-2.0",
    "repository": "https://github.com/Chevrotain/chevrotain",
    "publisher": "Shahar Soel",
    "path": "/home/aoaaaaaa/projetos/license-config/node_modules/@chevrotain/types",
    "licenseFile": "/home/aoaaaaaa/projetos/license-config/node_modules/@chevrotain/types/LICENSE.txt"
  },
  "@chevrotain/utils@11.0.3": {
    "licenses": "Apache-2.0",
    "repository": "https://github.com/Chevrotain/chevrotain",
    "publisher": "Shahar Soel",
    "path": "/home/aoaaaaaa/projetos/license-config/node_modules/@chevrotain/utils",
    "licenseFile": "/home/aoaaaaaa/projetos/license-config/node_modules/@chevrotain/utils/LICENSE.txt"
  },
  "@isaacs/balanced-match@4.0.1": {
    "licenses": "MIT",
    "repository": "https://github.com/isaacs/balanced-match",
    "path": "/home/aoaaaaaa/projetos/license-config/node_modules/@isaacs/balanced-match",
    "licenseFile": "/home/aoaaaaaa/projetos/license-config/node_modules/@isaacs/balanced-match/LICENSE.md"
  },
  "@isaacs/brace-expansion@5.0.0": {
    "licenses": "MIT",
    "path": "/home/aoaaaaaa/projetos/license-config/node_modules/@isaacs/brace-expansion",
    "licenseFile": "/home/aoaaaaaa/projetos/license-config/node_modules/@isaacs/brace-expansion/LICENSE"
  },
  "@jridgewell/gen-mapping@0.3.13": {
    "licenses": "MIT",
    "repository": "https://github.com/jridgewell/sourcemaps",
    "publisher": "Justin Ridgewell",
    "email": "justin@ridgewell.name",
    "path": "/home/aoaaaaaa/projetos/license-config/node_modules/@jridgewell/gen-mapping",
    "licenseFile": "/home/aoaaaaaa/projetos/license-config/node_modules/@jridgewell/gen-mapping/LICENSE"
  },
  "@jridgewell/resolve-uri@3.1.2": {
    "licenses": "MIT",
    "repository": "https://github.com/jridgewell/resolve-uri",
    "publisher": "Justin Ridgewell",
    "email": "justin@ridgewell.name",
    "path": "/home/aoaaaaaa/projetos/license-config/node_modules/@jridgewell/resolve-uri",
    "licenseFile": "/home/aoaaaaaa/projetos/license-config/node_modules/@jridgewell/resolve-uri/LICENSE"
  },
  "@jridgewell/sourcemap-codec@1.5.5": {
    "licenses": "MIT",
    "repository": "https://github.com/jridgewell/sourcemaps",
    "publisher": "Justin Ridgewell",
    "email": "justin@ridgewell.name",
    "path": "/home/aoaaaaaa/projetos/license-config/node_modules/@jridgewell/sourcemap-codec",
    "licenseFile": "/home/aoaaaaaa/projetos/license-config/node_modules/@jridgewell/sourcemap-codec/LICENSE"
  },
  "@jridgewell/trace-mapping@0.3.31": {
    "licenses": "MIT",
    "repository": "https://github.com/jridgewell/sourcemaps",
    "publisher": "Justin Ridgewell",
    "email": "justin@ridgewell.name",
    "path": "/home/aoaaaaaa/projetos/license-config/node_modules/@jridgewell/trace-mapping",
    "licenseFile": "/home/aoaaaaaa/projetos/license-config/node_modules/@jridgewell/trace-mapping/LICENSE"
  },
  "ansi-regex@6.2.2": {
    "licenses": "MIT",
    "repository": "https://github.com/chalk/ansi-regex",
    "publisher": "Sindre Sorhus",
    "email": "sindresorhus@gmail.com",
    "path": "/home/aoaaaaaa/projetos/license-config/node_modules/ansi-regex",
    "licenseFile": "/home/aoaaaaaa/projetos/license-config/node_modules/ansi-regex/license"
  },
  "auditor@0.1.0": {
    "licenses": "MIT",
    "repository": "https://github.com/ossmoralus/auditor",
    "publisher": "Moralus OSS",
    "path": "/home/aoaaaaaa/projetos/license-config",
    "licenseFile": "/home/aoaaaaaa/projetos/license-config/README.md"
  },
  "braces@3.0.3": {
    "licenses": "MIT",
    "repository": "https://github.com/micromatch/braces",
    "publisher": "Jon Schlinkert",
    "path": "/home/aoaaaaaa/projetos/license-config/node_modules/braces",
    "licenseFile": "/home/aoaaaaaa/projetos/license-config/node_modules/braces/LICENSE"
  },
  "chalk@5.6.2": {
    "licenses": "MIT",
    "repository": "https://github.com/chalk/chalk",
    "path": "/home/aoaaaaaa/projetos/license-config/node_modules/chalk",
    "licenseFile": "/home/aoaaaaaa/projetos/license-config/node_modules/chalk/license"
  },
  "chevrotain-allstar@0.3.1": {
    "licenses": "MIT",
    "repository": "https://github.com/langium/chevrotain-allstar",
    "publisher": "TypeFox",
    "path": "/home/aoaaaaaa/projetos/license-config/node_modules/chevrotain-allstar",
    "licenseFile": "/home/aoaaaaaa/projetos/license-config/node_modules/chevrotain-allstar/LICENSE"
  },
  "chevrotain@11.0.3": {
    "licenses": "Apache-2.0",
    "repository": "https://github.com/Chevrotain/chevrotain",
    "publisher": "Shahar Soel",
    "path": "/home/aoaaaaaa/projetos/license-config/node_modules/chevrotain",
    "licenseFile": "/home/aoaaaaaa/projetos/license-config/node_modules/chevrotain/LICENSE.txt"
  },
  "cli-cursor@5.0.0": {
    "licenses": "MIT",
    "repository": "https://github.com/sindresorhus/cli-cursor",
    "publisher": "Sindre Sorhus",
    "email": "sindresorhus@gmail.com",
    "path": "/home/aoaaaaaa/projetos/license-config/node_modules/cli-cursor",
    "licenseFile": "/home/aoaaaaaa/projetos/license-config/node_modules/cli-cursor/license"
  },
  "cli-spinners@3.4.0": {
    "licenses": "MIT",
    "repository": "https://github.com/sindresorhus/cli-spinners",
    "publisher": "Sindre Sorhus",
    "email": "sindresorhus@gmail.com",
    "path": "/home/aoaaaaaa/projetos/license-config/node_modules/cli-spinners",
    "licenseFile": "/home/aoaaaaaa/projetos/license-config/node_modules/cli-spinners/license"
  },
  "commander@14.0.2": {
    "licenses": "MIT",
    "repository": "https://github.com/tj/commander.js",
    "publisher": "TJ Holowaychuk",
    "email": "tj@vision-media.ca",
    "path": "/home/aoaaaaaa/projetos/license-config/node_modules/commander",
    "licenseFile": "/home/aoaaaaaa/projetos/license-config/node_modules/commander/LICENSE"
  },
  "css-tree@2.3.1": {
    "licenses": "MIT",
    "repository": "https://github.com/csstree/csstree",
    "publisher": "Roman Dvornov",
    "email": "rdvornov@gmail.com",
    "path": "/home/aoaaaaaa/projetos/license-config/node_modules/css-tree",
    "licenseFile": "/home/aoaaaaaa/projetos/license-config/node_modules/css-tree/LICENSE"
  },
  "cuint@0.2.2": {
    "licenses": "MIT",
    "repository": "https://github.com/pierrec/js-cuint",
    "publisher": "Pierre Curto",
    "path": "/home/aoaaaaaa/projetos/license-config/node_modules/cuint",
    "licenseFile": "/home/aoaaaaaa/projetos/license-config/node_modules/cuint/README.md"
  },
  "debug@4.4.3": {
    "licenses": "MIT",
    "repository": "https://github.com/debug-js/debug",
    "publisher": "Josh Junon",
    "path": "/home/aoaaaaaa/projetos/license-config/node_modules/debug",
    "licenseFile": "/home/aoaaaaaa/projetos/license-config/node_modules/debug/LICENSE"
  },
  "dom-serializer@2.0.0": {
    "licenses": "MIT",
    "repository": "https://github.com/cheeriojs/dom-serializer",
    "publisher": "Felix Boehm",
    "email": "me@feedic.com",
    "path": "/home/aoaaaaaa/projetos/license-config/node_modules/dom-serializer",
    "licenseFile": "/home/aoaaaaaa/projetos/license-config/node_modules/dom-serializer/LICENSE"
  },
  "domelementtype@2.3.0": {
    "licenses": "BSD-2-Clause",
    "repository": "https://github.com/fb55/domelementtype",
    "publisher": "Felix Boehm",
    "email": "me@feedic.com",
    "path": "/home/aoaaaaaa/projetos/license-config/node_modules/domelementtype",
    "licenseFile": "/home/aoaaaaaa/projetos/license-config/node_modules/domelementtype/LICENSE"
  },
  "domhandler@5.0.3": {
    "licenses": "BSD-2-Clause",
    "repository": "https://github.com/fb55/domhandler",
    "publisher": "Felix Boehm",
    "email": "me@feedic.com",
    "path": "/home/aoaaaaaa/projetos/license-config/node_modules/domhandler",
    "licenseFile": "/home/aoaaaaaa/projetos/license-config/node_modules/domhandler/LICENSE"
  },
  "domutils@3.2.2": {
    "licenses": "BSD-2-Clause",
    "repository": "https://github.com/fb55/domutils",
    "publisher": "Felix Boehm",
    "email": "me@feedic.com",
    "path": "/home/aoaaaaaa/projetos/license-config/node_modules/domutils",
    "licenseFile": "/home/aoaaaaaa/projetos/license-config/node_modules/domutils/LICENSE"
  },
  "entities@4.5.0": {
    "licenses": "BSD-2-Clause",
    "repository": "https://github.com/fb55/entities",
    "publisher": "Felix Boehm",
    "email": "me@feedic.com",
    "path": "/home/aoaaaaaa/projetos/license-config/node_modules/dom-serializer/node_modules/entities",
    "licenseFile": "/home/aoaaaaaa/projetos/license-config/node_modules/dom-serializer/node_modules/entities/LICENSE"
  },
  "entities@6.0.1": {
    "licenses": "BSD-2-Clause",
    "repository": "https://github.com/fb55/entities",
    "publisher": "Felix Boehm",
    "email": "me@feedic.com",
    "path": "/home/aoaaaaaa/projetos/license-config/node_modules/entities",
    "licenseFile": "/home/aoaaaaaa/projetos/license-config/node_modules/entities/LICENSE"
  },
  "fast-xml-parser@5.3.3": {
    "licenses": "MIT",
    "repository": "https://github.com/NaturalIntelligence/fast-xml-parser",
    "publisher": "Amit Gupta",
    "path": "/home/aoaaaaaa/projetos/license-config/node_modules/fast-xml-parser",
    "licenseFile": "/home/aoaaaaaa/projetos/license-config/node_modules/fast-xml-parser/LICENSE"
  },
  "fill-range@7.1.1": {
    "licenses": "MIT",
    "repository": "https://github.com/jonschlinkert/fill-range",
    "publisher": "Jon Schlinkert",
    "path": "/home/aoaaaaaa/projetos/license-config/node_modules/fill-range",
    "licenseFile": "/home/aoaaaaaa/projetos/license-config/node_modules/fill-range/LICENSE"
  },
  "get-east-asian-width@1.4.0": {
    "licenses": "MIT",
    "repository": "https://github.com/sindresorhus/get-east-asian-width",
    "publisher": "Sindre Sorhus",
    "email": "sindresorhus@gmail.com",
    "path": "/home/aoaaaaaa/projetos/license-config/node_modules/get-east-asian-width",
    "licenseFile": "/home/aoaaaaaa/projetos/license-config/node_modules/get-east-asian-width/license"
  },
  "htmlparser2@10.0.0": {
    "licenses": "MIT",
    "repository": "https://github.com/fb55/htmlparser2",
    "publisher": "Felix Boehm",
    "email": "me@feedic.com",
    "path": "/home/aoaaaaaa/projetos/license-config/node_modules/htmlparser2",
    "licenseFile": "/home/aoaaaaaa/projetos/license-config/node_modules/htmlparser2/LICENSE"
  },
  "is-interactive@2.0.0": {
    "licenses": "MIT",
    "repository": "https://github.com/sindresorhus/is-interactive",
    "publisher": "Sindre Sorhus",
    "email": "sindresorhus@gmail.com",
    "path": "/home/aoaaaaaa/projetos/license-config/node_modules/is-interactive",
    "licenseFile": "/home/aoaaaaaa/projetos/license-config/node_modules/is-interactive/license"
  },
  "is-number@7.0.0": {
    "licenses": "MIT",
    "repository": "https://github.com/jonschlinkert/is-number",
    "publisher": "Jon Schlinkert",
    "path": "/home/aoaaaaaa/projetos/license-config/node_modules/is-number",
    "licenseFile": "/home/aoaaaaaa/projetos/license-config/node_modules/is-number/LICENSE"
  },
  "is-unicode-supported@2.1.0": {
    "licenses": "MIT",
    "repository": "https://github.com/sindresorhus/is-unicode-supported",
    "publisher": "Sindre Sorhus",
    "email": "sindresorhus@gmail.com",
    "path": "/home/aoaaaaaa/projetos/license-config/node_modules/is-unicode-supported",
    "licenseFile": "/home/aoaaaaaa/projetos/license-config/node_modules/is-unicode-supported/license"
  },
  "java-parser@3.0.1": {
    "licenses": "Apache-2.0",
    "repository": "https://github.com/jhipster/prettier-java.git#main",
    "path": "/home/aoaaaaaa/projetos/license-config/node_modules/java-parser",
    "licenseFile": "/home/aoaaaaaa/projetos/license-config/node_modules/java-parser/LICENSE"
  },
  "js-tokens@4.0.0": {
    "licenses": "MIT",
    "repository": "https://github.com/lydell/js-tokens",
    "publisher": "Simon Lydell",
    "path": "/home/aoaaaaaa/projetos/license-config/node_modules/js-tokens",
    "licenseFile": "/home/aoaaaaaa/projetos/license-config/node_modules/js-tokens/LICENSE"
  },
  "jsesc@3.1.0": {
    "licenses": "MIT",
    "repository": "https://github.com/mathiasbynens/jsesc",
    "publisher": "Mathias Bynens",
    "path": "/home/aoaaaaaa/projetos/license-config/node_modules/jsesc",
    "licenseFile": "/home/aoaaaaaa/projetos/license-config/node_modules/jsesc/LICENSE-MIT.txt"
  },
  "lodash-es@4.17.21": {
    "licenses": "MIT",
    "repository": "https://github.com/lodash/lodash",
    "publisher": "John-David Dalton",
    "email": "john.david.dalton@gmail.com",
    "path": "/home/aoaaaaaa/projetos/license-config/node_modules/lodash-es",
    "licenseFile": "/home/aoaaaaaa/projetos/license-config/node_modules/lodash-es/LICENSE"
  },
  "lodash@4.17.21": {
    "licenses": "MIT",
    "repository": "https://github.com/lodash/lodash",
    "publisher": "John-David Dalton",
    "email": "john.david.dalton@gmail.com",
    "path": "/home/aoaaaaaa/projetos/license-config/node_modules/lodash",
    "licenseFile": "/home/aoaaaaaa/projetos/license-config/node_modules/lodash/LICENSE"
  },
  "log-symbols@7.0.1": {
    "licenses": "MIT",
    "repository": "https://github.com/sindresorhus/log-symbols",
    "publisher": "Sindre Sorhus",
    "email": "sindresorhus@gmail.com",
    "path": "/home/aoaaaaaa/projetos/license-config/node_modules/log-symbols",
    "licenseFile": "/home/aoaaaaaa/projetos/license-config/node_modules/log-symbols/license"
  },
  "mdn-data@2.0.30": {
    "licenses": "CC0-1.0",
    "repository": "https://github.com/mdn/data",
    "publisher": "Mozilla Developer Network",
    "path": "/home/aoaaaaaa/projetos/license-config/node_modules/mdn-data",
    "licenseFile": "/home/aoaaaaaa/projetos/license-config/node_modules/mdn-data/LICENSE"
  },
  "micromatch@4.0.8": {
    "licenses": "MIT",
    "repository": "https://github.com/micromatch/micromatch",
    "publisher": "Jon Schlinkert",
    "path": "/home/aoaaaaaa/projetos/license-config/node_modules/micromatch",
    "licenseFile": "/home/aoaaaaaa/projetos/license-config/node_modules/micromatch/LICENSE"
  },
  "mimic-function@5.0.1": {
    "licenses": "MIT",
    "repository": "https://github.com/sindresorhus/mimic-function",
    "publisher": "Sindre Sorhus",
    "email": "sindresorhus@gmail.com",
    "path": "/home/aoaaaaaa/projetos/license-config/node_modules/mimic-function",
    "licenseFile": "/home/aoaaaaaa/projetos/license-config/node_modules/mimic-function/license"
  },
  "minimatch@10.1.1": {
    "licenses": "BlueOak-1.0.0",
    "repository": "https://github.com/isaacs/minimatch",
    "publisher": "Isaac Z. Schlueter",
    "email": "i@izs.me",
    "path": "/home/aoaaaaaa/projetos/license-config/node_modules/minimatch",
    "licenseFile": "/home/aoaaaaaa/projetos/license-config/node_modules/minimatch/LICENSE.md"
  },
  "ms@2.1.3": {
    "licenses": "MIT",
    "repository": "https://github.com/vercel/ms",
    "path": "/home/aoaaaaaa/projetos/license-config/node_modules/ms",
    "licenseFile": "/home/aoaaaaaa/projetos/license-config/node_modules/ms/license.md"
  },
  "onetime@7.0.0": {
    "licenses": "MIT",
    "repository": "https://github.com/sindresorhus/onetime",
    "publisher": "Sindre Sorhus",
    "email": "sindresorhus@gmail.com",
    "path": "/home/aoaaaaaa/projetos/license-config/node_modules/onetime",
    "licenseFile": "/home/aoaaaaaa/projetos/license-config/node_modules/onetime/license"
  },
  "ora@9.0.0": {
    "licenses": "MIT",
    "repository": "https://github.com/sindresorhus/ora",
    "publisher": "Sindre Sorhus",
    "email": "sindresorhus@gmail.com",
    "path": "/home/aoaaaaaa/projetos/license-config/node_modules/ora",
    "licenseFile": "/home/aoaaaaaa/projetos/license-config/node_modules/ora/license"
  },
  "oraculo@0.3.3": {
    "licenses": "MIT",
    "repository": "https://github.com/ossmoralus/oraculo",
    "publisher": "ossmoralus",
    "path": "/home/aoaaaaaa/projetos/license-config/node_modules/oraculo",
    "licenseFile": "/home/aoaaaaaa/projetos/license-config/node_modules/oraculo/LICENSE"
  },
  "p-limit@7.2.0": {
    "licenses": "MIT",
    "repository": "https://github.com/sindresorhus/p-limit",
    "publisher": "Sindre Sorhus",
    "email": "sindresorhus@gmail.com",
    "path": "/home/aoaaaaaa/projetos/license-config/node_modules/p-limit",
    "licenseFile": "/home/aoaaaaaa/projetos/license-config/node_modules/p-limit/license"
  },
  "picocolors@1.1.1": {
    "licenses": "ISC",
    "repository": "https://github.com/alexeyraspopov/picocolors",
    "publisher": "Alexey Raspopov",
    "path": "/home/aoaaaaaa/projetos/license-config/node_modules/picocolors",
    "licenseFile": "/home/aoaaaaaa/projetos/license-config/node_modules/picocolors/LICENSE"
  },
  "picomatch@2.3.1": {
    "licenses": "MIT",
    "repository": "https://github.com/micromatch/picomatch",
    "publisher": "Jon Schlinkert",
    "path": "/home/aoaaaaaa/projetos/license-config/node_modules/picomatch",
    "licenseFile": "/home/aoaaaaaa/projetos/license-config/node_modules/picomatch/LICENSE"
  },
  "restore-cursor@5.1.0": {
    "licenses": "MIT",
    "repository": "https://github.com/sindresorhus/restore-cursor",
    "publisher": "Sindre Sorhus",
    "email": "sindresorhus@gmail.com",
    "path": "/home/aoaaaaaa/projetos/license-config/node_modules/restore-cursor",
    "licenseFile": "/home/aoaaaaaa/projetos/license-config/node_modules/restore-cursor/license"
  },
  "signal-exit@4.1.0": {
    "licenses": "ISC",
    "repository": "https://github.com/tapjs/signal-exit",
    "publisher": "Ben Coe",
    "email": "ben@npmjs.com",
    "path": "/home/aoaaaaaa/projetos/license-config/node_modules/signal-exit",
    "licenseFile": "/home/aoaaaaaa/projetos/license-config/node_modules/signal-exit/LICENSE.txt"
  },
  "source-map-js@1.2.1": {
    "licenses": "BSD-3-Clause",
    "repository": "https://github.com/7rulnik/source-map-js",
    "publisher": "Valentin 7rulnik Semirulnik",
    "email": "v7rulnik@gmail.com",
    "path": "/home/aoaaaaaa/projetos/license-config/node_modules/source-map-js",
    "licenseFile": "/home/aoaaaaaa/projetos/license-config/node_modules/source-map-js/LICENSE"
  },
  "stdin-discarder@0.2.2": {
    "licenses": "MIT",
    "repository": "https://github.com/sindresorhus/stdin-discarder",
    "publisher": "Sindre Sorhus",
    "email": "sindresorhus@gmail.com",
    "path": "/home/aoaaaaaa/projetos/license-config/node_modules/stdin-discarder",
    "licenseFile": "/home/aoaaaaaa/projetos/license-config/node_modules/stdin-discarder/license"
  },
  "string-width@8.1.0": {
    "licenses": "MIT",
    "repository": "https://github.com/sindresorhus/string-width",
    "publisher": "Sindre Sorhus",
    "email": "sindresorhus@gmail.com",
    "path": "/home/aoaaaaaa/projetos/license-config/node_modules/string-width",
    "licenseFile": "/home/aoaaaaaa/projetos/license-config/node_modules/string-width/license"
  },
  "strip-ansi@7.1.2": {
    "licenses": "MIT",
    "repository": "https://github.com/chalk/strip-ansi",
    "publisher": "Sindre Sorhus",
    "email": "sindresorhus@gmail.com",
    "path": "/home/aoaaaaaa/projetos/license-config/node_modules/strip-ansi",
    "licenseFile": "/home/aoaaaaaa/projetos/license-config/node_modules/strip-ansi/license"
  },
  "strnum@2.1.2": {
    "licenses": "MIT",
    "repository": "https://github.com/NaturalIntelligence/strnum",
    "publisher": "Amit Gupta",
    "path": "/home/aoaaaaaa/projetos/license-config/node_modules/strnum",
    "licenseFile": "/home/aoaaaaaa/projetos/license-config/node_modules/strnum/LICENSE"
  },
  "to-regex-range@5.0.1": {
    "licenses": "MIT",
    "repository": "https://github.com/micromatch/to-regex-range",
    "publisher": "Jon Schlinkert",
    "path": "/home/aoaaaaaa/projetos/license-config/node_modules/to-regex-range",
    "licenseFile": "/home/aoaaaaaa/projetos/license-config/node_modules/to-regex-range/LICENSE"
  },
  "xxhashjs@0.2.2": {
    "licenses": "MIT",
    "repository": "https://github.com/pierrec/js-xxhash",
    "publisher": "Pierre Curto",
    "path": "/home/aoaaaaaa/projetos/license-config/node_modules/xxhashjs",
    "licenseFile": "/home/aoaaaaaa/projetos/license-config/node_modules/xxhashjs/LICENSE"
  },
  "yocto-queue@1.2.2": {
    "licenses": "MIT",
    "repository": "https://github.com/sindresorhus/yocto-queue",
    "publisher": "Sindre Sorhus",
    "email": "sindresorhus@gmail.com",
    "path": "/home/aoaaaaaa/projetos/license-config/node_modules/yocto-queue",
    "licenseFile": "/home/aoaaaaaa/projetos/license-config/node_modules/yocto-queue/license"
  },
  "yoctocolors@2.1.2": {
    "licenses": "MIT",
    "repository": "https://github.com/sindresorhus/yoctocolors",
    "publisher": "Sindre Sorhus",
    "email": "sindresorhus@gmail.com",
    "path": "/home/aoaaaaaa/projetos/license-config/node_modules/yoctocolors",
    "licenseFile": "/home/aoaaaaaa/projetos/license-config/node_modules/yoctocolors/license"
  }
}