[
  {
    "analistas": [
      {
        "duracaoMs": 3.687274000000116,
        "global": true,
        "nome": "detector-estrutura",
        "ocorrencias": 1
      },
      {
        "duracaoMs": 22.386921999999913,
        "global": true,
        "nome": "sugestoes-contextuais",
        "ocorrencias": 1
      },
      {
        "duracaoMs": 1.311346000000185,
        "global": false,
        "nome": "analista-formatador",
        "ocorrencias": 0
      },
      {
        "duracaoMs": 2.390336000000161,
        "global": false,
        "nome": "detector-markdown",
        "ocorrencias": 0
      },
      {
        "duracaoMs": 2.5927520000000186,
        "global": false,
        "nome": "analista-formatador",
        "ocorrencias": 0
      },
      {
        "duracaoMs": 0.4408969999999499,
        "global": false,
        "nome": "construcoes-sintaticas",
        "ocorrencias": 0
      },
      {
        "duracaoMs": 0.7684669999998732,
        "global": false,
        "nome": "codigo-fragil",
        "ocorrencias": 0
      },
      {
        "duracaoMs": 0.6057510000000548,
        "global": false,
        "nome": "detector-duplicacoes",
        "ocorrencias": 0
      },
      {
        "duracaoMs": 0.5093400000000656,
        "global": false,
        "nome": "arquitetura",
        "ocorrencias": 0
      },
      {
        "duracaoMs": 6.633964000000105,
        "global": false,
        "nome": "seguranca",
        "ocorrencias": 1
      },
      {
        "duracaoMs": 2.3879920000001675,
        "global": false,
        "nome": "documentacao",
        "ocorrencias": 0
      },
      {
        "duracaoMs": 0.5867029999999431,
        "global": false,
        "nome": "analista-css-in-js",
        "ocorrencias": 0
      },
      {
        "duracaoMs": 1.0253549999999905,
        "global": false,
        "nome": "quick-fixes",
        "ocorrencias": 0
      },
      {
        "duracaoMs": 0.35291400000005524,
        "global": false,
        "nome": "detector-dependencias",
        "ocorrencias": 0
      },
      {
        "duracaoMs": 0.35088199999995595,
        "global": false,
        "nome": "analista-funcoes-longas",
        "ocorrencias": 0
      },
      {
        "duracaoMs": 0.3302200000000539,
        "global": false,
        "nome": "analista-padroes-uso",
        "ocorrencias": 0
      },
      {
        "duracaoMs": 0.3986529999999675,
        "global": false,
        "nome": "analista-comandos-cli",
        "ocorrencias": 0
      },
      {
        "duracaoMs": 1.2498749999999745,
        "global": false,
        "nome": "todo-comments",
        "ocorrencias": 0
      },
      {
        "duracaoMs": 0.11295399999994515,
        "global": false,
        "nome": "construcoes-sintaticas",
        "ocorrencias": 0
      },
      {
        "duracaoMs": 0.09082499999999527,
        "global": false,
        "nome": "codigo-fragil",
        "ocorrencias": 0
      },
      {
        "duracaoMs": 0.08631500000001324,
        "global": false,
        "nome": "detector-duplicacoes",
        "ocorrencias": 0
      },
      {
        "duracaoMs": 0.07960000000002765,
        "global": false,
        "nome": "arquitetura",
        "ocorrencias": 0
      },
      {
        "duracaoMs": 1.1389879999999266,
        "global": false,
        "nome": "seguranca",
        "ocorrencias": 1
      },
      {
        "duracaoMs": 0.8790430000001379,
        "global": false,
        "nome": "documentacao",
        "ocorrencias": 2
      },
      {
        "duracaoMs": 0.6318639999999505,
        "global": false,
        "nome": "analista-react",
        "ocorrencias": 0
      },
      {
        "duracaoMs": 0.21291599999995015,
        "global": false,
        "nome": "analista-react-hooks",
        "ocorrencias": 0
      },
      {
        "duracaoMs": 1.043912999999975,
        "global": false,
        "nome": "analista-tailwind",
        "ocorrencias": 0
      },
      {
        "duracaoMs": 0.15499700000009398,
        "global": false,
        "nome": "analista-css-in-js",
        "ocorrencias": 0
      },
      {
        "duracaoMs": 0.12283000000002176,
        "global": false,
        "nome": "quick-fixes",
        "ocorrencias": 0
      },
      {
        "duracaoMs": 0.2256009999998696,
        "global": false,
        "nome": "detector-dependencias",
        "ocorrencias": 0
      },
      {
        "duracaoMs": 0.09943799999996372,
        "global": false,
        "nome": "analista-funcoes-longas",
        "ocorrencias": 0
      },
      {
        "duracaoMs": 0.08491699999990487,
        "global": false,
        "nome": "analista-padroes-uso",
        "ocorrencias": 0
      },
      {
        "duracaoMs": 0.08512399999995068,
        "global": false,
        "nome": "analista-comandos-cli",
        "ocorrencias": 0
      },
      {
        "duracaoMs": 0.29765500000007705,
        "global": false,
        "nome": "todo-comments",
        "ocorrencias": 0
      },
      {
        "duracaoMs": 0.08776800000009644,
        "global": false,
        "nome": "construcoes-sintaticas",
        "ocorrencias": 0
      },
      {
        "duracaoMs": 0.07724400000006426,
        "global": false,
        "nome": "codigo-fragil",
        "ocorrencias": 0
      },
      {
        "duracaoMs": 0.07354599999985112,
        "global": false,
        "nome": "detector-duplicacoes",
        "ocorrencias": 0
      },
      {
        "duracaoMs": 0.08096500000010565,
        "global": false,
        "nome": "arquitetura",
        "ocorrencias": 0
      },
      {
        "duracaoMs": 0.4396030000000337,
        "global": false,
        "nome": "seguranca",
        "ocorrencias": 0
      },
      {
        "duracaoMs": 0.20459299999993164,
        "global": false,
        "nome": "documentacao",
        "ocorrencias": 0
      },
      {
        "duracaoMs": 0.13958099999990736,
        "global": false,
        "nome": "analista-react",
        "ocorrencias": 0
      },
      {
        "duracaoMs": 0.05564600000002429,
        "global": false,
        "nome": "analista-react-hooks",
        "ocorrencias": 0
      },
      {
        "duracaoMs": 0.10143399999992653,
        "global": false,
        "nome": "analista-tailwind",
        "ocorrencias": 0
      },
      {
        "duracaoMs": 0.052214000000049055,
        "global": false,
        "nome": "analista-css-in-js",
        "ocorrencias": 0
      },
      {
        "duracaoMs": 0.03306199999997261,
        "global": false,
        "nome": "quick-fixes",
        "ocorrencias": 0
      },
      {
        "duracaoMs": 0.23172300000010182,
        "global": false,
        "nome": "detector-dependencias",
        "ocorrencias": 0
      },
      {
        "duracaoMs": 0.17728899999997338,
        "global": false,
        "nome": "analista-funcoes-longas",
        "ocorrencias": 0
      },
      {
        "duracaoMs": 0.21715800000015406,
        "global": false,
        "nome": "analista-padroes-uso",
        "ocorrencias": 0
      },
      {
        "duracaoMs": 0.18545799999992596,
        "global": false,
        "nome": "analista-comandos-cli",
        "ocorrencias": 0
      },
      {
        "duracaoMs": 0.9722189999999955,
        "global": false,
        "nome": "todo-comments",
        "ocorrencias": 0
      },
      {
        "duracaoMs": 0.14162800000008247,
        "global": false,
        "nome": "construcoes-sintaticas",
        "ocorrencias": 0
      },
      {
        "duracaoMs": 0.13682999999991807,
        "global": false,
        "nome": "codigo-fragil",
        "ocorrencias": 0
      },
      {
        "duracaoMs": 0.13670100000013008,
        "global": false,
        "nome": "detector-duplicacoes",
        "ocorrencias": 0
      },
      {
        "duracaoMs": 0.13471099999992475,
        "global": false,
        "nome": "arquitetura",
        "ocorrencias": 0
      },
      {
        "duracaoMs": 1.456903999999895,
        "global": false,
        "nome": "seguranca",
        "ocorrencias": 0
      },
      {
        "duracaoMs": 0.5507760000000417,
        "global": false,
        "nome": "documentacao",
        "ocorrencias": 0
      },
      {
        "duracaoMs": 0.4122090000000753,
        "global": false,
        "nome": "analista-react",
        "ocorrencias": 0
      },
      {
        "duracaoMs": 0.18933400000014444,
        "global": false,
        "nome": "analista-react-hooks",
        "ocorrencias": 0
      },
      {
        "duracaoMs": 0.61859800000002,
        "global": false,
        "nome": "analista-tailwind",
        "ocorrencias": 0
      },
      {
        "duracaoMs": 0.1603090000000975,
        "global": false,
        "nome": "analista-css-in-js",
        "ocorrencias": 0
      },
      {
        "duracaoMs": 0.07611199999996643,
        "global": false,
        "nome": "quick-fixes",
        "ocorrencias": 0
      },
      {
        "duracaoMs": 0.13456199999995988,
        "global": false,
        "nome": "detector-dependencias",
        "ocorrencias": 0
      },
      {
        "duracaoMs": 0.14487899999994625,
        "global": false,
        "nome": "analista-funcoes-longas",
        "ocorrencias": 0
      },
      {
        "duracaoMs": 0.12397400000008929,
        "global": false,
        "nome": "analista-padroes-uso",
        "ocorrencias": 0
      },
      {
        "duracaoMs": 0.1225289999999859,
        "global": false,
        "nome": "analista-comandos-cli",
        "ocorrencias": 0
      },
      {
        "duracaoMs": 0.27001000000018394,
        "global": false,
        "nome": "todo-comments",
        "ocorrencias": 0
      },
      {
        "duracaoMs": 0.11124199999994744,
        "global": false,
        "nome": "construcoes-sintaticas",
        "ocorrencias": 0
      },
      {
        "duracaoMs": 0.11278799999990952,
        "global": false,
        "nome": "codigo-fragil",
        "ocorrencias": 0
      },
      {
        "duracaoMs": 0.10911399999986315,
        "global": false,
        "nome": "detector-duplicacoes",
        "ocorrencias": 0
      },
      {
        "duracaoMs": 0.17953299999999217,
        "global": false,
        "nome": "arquitetura",
        "ocorrencias": 0
      },
      {
        "duracaoMs": 1.030264999999872,
        "global": false,
        "nome": "seguranca",
        "ocorrencias": 0
      },
      {
        "duracaoMs": 0.6439570000000003,
        "global": false,
        "nome": "documentacao",
        "ocorrencias": 1
      },
      {
        "duracaoMs": 0.26408199999991666,
        "global": false,
        "nome": "analista-react",
        "ocorrencias": 0
      },
      {
        "duracaoMs": 0.11801000000014028,
        "global": false,
        "nome": "analista-react-hooks",
        "ocorrencias": 0
      },
      {
        "duracaoMs": 0.17644399999994675,
        "global": false,
        "nome": "analista-tailwind",
        "ocorrencias": 0
      },
      {
        "duracaoMs": 0.12194300000010116,
        "global": false,
        "nome": "analista-css-in-js",
        "ocorrencias": 0
      },
      {
        "duracaoMs": 0.06391600000006292,
        "global": false,
        "nome": "quick-fixes",
        "ocorrencias": 0
      },
      {
        "duracaoMs": 0.11827499999981228,
        "global": false,
        "nome": "detector-dependencias",
        "ocorrencias": 0
      },
      {
        "duracaoMs": 0.6636270000001332,
        "global": false,
        "nome": "analista-funcoes-longas",
        "ocorrencias": 0
      },
      {
        "duracaoMs": 0.27444999999988795,
        "global": false,
        "nome": "analista-padroes-uso",
        "ocorrencias": 0
      },
      {
        "duracaoMs": 0.18773600000008628,
        "global": false,
        "nome": "analista-comandos-cli",
        "ocorrencias": 0
      },
      {
        "duracaoMs": 0.3152110000000903,
        "global": false,
        "nome": "todo-comments",
        "ocorrencias": 0
      },
      {
        "duracaoMs": 0.09593599999993785,
        "global": false,
        "nome": "construcoes-sintaticas",
        "ocorrencias": 0
      },
      {
        "duracaoMs": 0.10118600000009792,
        "global": false,
        "nome": "codigo-fragil",
        "ocorrencias": 0
      },
      {
        "duracaoMs": 0.09047599999985323,
        "global": false,
        "nome": "detector-duplicacoes",
        "ocorrencias": 0
      },
      {
        "duracaoMs": 0.09040500000014617,
        "global": false,
        "nome": "arquitetura",
        "ocorrencias": 0
      },
      {
        "duracaoMs": 1.0424530000000232,
        "global": false,
        "nome": "seguranca",
        "ocorrencias": 0
      },
      {
        "duracaoMs": 0.5215210000001207,
        "global": false,
        "nome": "documentacao",
        "ocorrencias": 1
      },
      {
        "duracaoMs": 0.1986179999998967,
        "global": false,
        "nome": "analista-react",
        "ocorrencias": 0
      },
      {
        "duracaoMs": 0.10483899999985624,
        "global": false,
        "nome": "analista-react-hooks",
        "ocorrencias": 0
      },
      {
        "duracaoMs": 0.15059299999984432,
        "global": false,
        "nome": "analista-tailwind",
        "ocorrencias": 0
      },
      {
        "duracaoMs": 0.1039180000000215,
        "global": false,
        "nome": "analista-css-in-js",
        "ocorrencias": 0
      },
      {
        "duracaoMs": 0.11924099999987448,
        "global": false,
        "nome": "quick-fixes",
        "ocorrencias": 0
      }
    ],
    "cacheAstHits": 0,
    "cacheAstMiss": 6,
    "tempoAnaliseMs": 502,
    "tempoParsingMs": 89,
    "timestamp": 1768762464157,
    "totalArquivos": 12
  },
  {
    "analistas": [
      {
        "duracaoMs": 3.3686800000000403,
        "global": true,
        "nome": "detector-estrutura",
        "ocorrencias": 1
      },
      {
        "duracaoMs": 12.029481000000033,
        "global": true,
        "nome": "sugestoes-contextuais",
        "ocorrencias": 1
      },
      {
        "duracaoMs": 1.193074999999908,
        "global": false,
        "nome": "analista-formatador",
        "ocorrencias": 0
      },
      {
        "duracaoMs": 3.007573999999977,
        "global": false,
        "nome": "detector-markdown",
        "ocorrencias": 0
      },
      {
        "duracaoMs": 2.868019000000004,
        "global": false,
        "nome": "analista-formatador",
        "ocorrencias": 0
      },
      {
        "duracaoMs": 0.6669000000001688,
        "global": false,
        "nome": "construcoes-sintaticas",
        "ocorrencias": 0
      },
      {
        "duracaoMs": 0.6570110000000113,
        "global": false,
        "nome": "codigo-fragil",
        "ocorrencias": 0
      },
      {
        "duracaoMs": 0.43317799999999806,
        "global": false,
        "nome": "detector-duplicacoes",
        "ocorrencias": 0
      },
      {
        "duracaoMs": 0.38716199999998935,
        "global": false,
        "nome": "arquitetura",
        "ocorrencias": 0
      },
      {
        "duracaoMs": 5.082745000000159,
        "global": false,
        "nome": "seguranca",
        "ocorrencias": 1
      },
      {
        "duracaoMs": 2.101131000000123,
        "global": false,
        "nome": "documentacao",
        "ocorrencias": 0
      },
      {
        "duracaoMs": 0.4828939999999875,
        "global": false,
        "nome": "analista-css-in-js",
        "ocorrencias": 0
      },
      {
        "duracaoMs": 0.7339339999998629,
        "global": false,
        "nome": "quick-fixes",
        "ocorrencias": 0
      },
      {
        "duracaoMs": 0.4010169999999107,
        "global": false,
        "nome": "detector-dependencias",
        "ocorrencias": 0
      },
      {
        "duracaoMs": 0.3698859999999513,
        "global": false,
        "nome": "analista-funcoes-longas",
        "ocorrencias": 0
      },
      {
        "duracaoMs": 0.36438799999996263,
        "global": false,
        "nome": "analista-padroes-uso",
        "ocorrencias": 0
      },
      {
        "duracaoMs": 0.5004959999998846,
        "global": false,
        "nome": "analista-comandos-cli",
        "ocorrencias": 0
      },
      {
        "duracaoMs": 1.3304140000000189,
        "global": false,
        "nome": "todo-comments",
        "ocorrencias": 0
      },
      {
        "duracaoMs": 0.14120900000011716,
        "global": false,
        "nome": "construcoes-sintaticas",
        "ocorrencias": 0
      },
      {
        "duracaoMs": 0.15507400000001326,
        "global": false,
        "nome": "codigo-fragil",
        "ocorrencias": 0
      },
      {
        "duracaoMs": 0.09738100000004124,
        "global": false,
        "nome": "detector-duplicacoes",
        "ocorrencias": 0
      },
      {
        "duracaoMs": 0.11339799999996103,
        "global": false,
        "nome": "arquitetura",
        "ocorrencias": 0
      },
      {
        "duracaoMs": 1.2074569999999767,
        "global": false,
        "nome": "seguranca",
        "ocorrencias": 1
      },
      {
        "duracaoMs": 0.96822300000008,
        "global": false,
        "nome": "documentacao",
        "ocorrencias": 2
      },
      {
        "duracaoMs": 0.6894979999999578,
        "global": false,
        "nome": "analista-react",
        "ocorrencias": 0
      },
      {
        "duracaoMs": 0.231405999999879,
        "global": false,
        "nome": "analista-react-hooks",
        "ocorrencias": 0
      },
      {
        "duracaoMs": 1.1124529999999595,
        "global": false,
        "nome": "analista-tailwind",
        "ocorrencias": 0
      },
      {
        "duracaoMs": 0.18237500000009277,
        "global": false,
        "nome": "analista-css-in-js",
        "ocorrencias": 0
      },
      {
        "duracaoMs": 0.161591000000044,
        "global": false,
        "nome": "quick-fixes",
        "ocorrencias": 0
      },
      {
        "duracaoMs": 0.38525300000014795,
        "global": false,
        "nome": "detector-dependencias",
        "ocorrencias": 0
      },
      {
        "duracaoMs": 0.16146900000012465,
        "global": false,
        "nome": "analista-funcoes-longas",
        "ocorrencias": 0
      },
      {
        "duracaoMs": 0.136257999999998,
        "global": false,
        "nome": "analista-padroes-uso",
        "ocorrencias": 0
      },
      {
        "duracaoMs": 0.11395799999991141,
        "global": false,
        "nome": "analista-comandos-cli",
        "ocorrencias": 0
      },
      {
        "duracaoMs": 0.3797630000001391,
        "global": false,
        "nome": "todo-comments",
        "ocorrencias": 0
      },
      {
        "duracaoMs": 0.08397400000012567,
        "global": false,
        "nome": "construcoes-sintaticas",
        "ocorrencias": 0
      },
      {
        "duracaoMs": 0.09587699999997312,
        "global": false,
        "nome": "codigo-fragil",
        "ocorrencias": 0
      },
      {
        "duracaoMs": 0.11893099999997503,
        "global": false,
        "nome": "detector-duplicacoes",
        "ocorrencias": 0
      },
      {
        "duracaoMs": 0.12602900000001682,
        "global": false,
        "nome": "arquitetura",
        "ocorrencias": 0
      },
      {
        "duracaoMs": 0.4768129999999928,
        "global": false,
        "nome": "seguranca",
        "ocorrencias": 0
      },
      {
        "duracaoMs": 0.2533889999999701,
        "global": false,
        "nome": "documentacao",
        "ocorrencias": 0
      },
      {
        "duracaoMs": 0.18711000000007516,
        "global": false,
        "nome": "analista-react",
        "ocorrencias": 0
      },
      {
        "duracaoMs": 0.09321999999997388,
        "global": false,
        "nome": "analista-react-hooks",
        "ocorrencias": 0
      },
      {
        "duracaoMs": 0.13786000000004606,
        "global": false,
        "nome": "analista-tailwind",
        "ocorrencias": 0
      },
      {
        "duracaoMs": 0.08706899999992856,
        "global": false,
        "nome": "analista-css-in-js",
        "ocorrencias": 0
      },
      {
        "duracaoMs": 0.04273200000011457,
        "global": false,
        "nome": "quick-fixes",
        "ocorrencias": 0
      },
      {
        "duracaoMs": 0.27933999999982007,
        "global": false,
        "nome": "detector-dependencias",
        "ocorrencias": 0
      },
      {
        "duracaoMs": 0.27191399999992427,
        "global": false,
        "nome": "analista-funcoes-longas",
        "ocorrencias": 0
      },
      {
        "duracaoMs": 0.23181799999997565,
        "global": false,
        "nome": "analista-padroes-uso",
        "ocorrencias": 0
      },
      {
        "duracaoMs": 0.22631300000011834,
        "global": false,
        "nome": "analista-comandos-cli",
        "ocorrencias": 0
      },
      {
        "duracaoMs": 0.9806610000000546,
        "global": false,
        "nome": "todo-comments",
        "ocorrencias": 0
      },
      {
        "duracaoMs": 0.20266800000013063,
        "global": false,
        "nome": "construcoes-sintaticas",
        "ocorrencias": 0
      },
      {
        "duracaoMs": 0.19292300000006435,
        "global": false,
        "nome": "codigo-fragil",
        "ocorrencias": 0
      },
      {
        "duracaoMs": 0.20005399999990914,
        "global": false,
        "nome": "detector-duplicacoes",
        "ocorrencias": 0
      },
      {
        "duracaoMs": 0.21151599999984683,
        "global": false,
        "nome": "arquitetura",
        "ocorrencias": 0
      },
      {
        "duracaoMs": 1.7094580000000406,
        "global": false,
        "nome": "seguranca",
        "ocorrencias": 0
      },
      {
        "duracaoMs": 0.6659420000000864,
        "global": false,
        "nome": "documentacao",
        "ocorrencias": 0
      },
      {
        "duracaoMs": 0.548813999999993,
        "global": false,
        "nome": "analista-react",
        "ocorrencias": 0
      },
      {
        "duracaoMs": 0.25627800000006573,
        "global": false,
        "nome": "analista-react-hooks",
        "ocorrencias": 0
      },
      {
        "duracaoMs": 0.6674129999998968,
        "global": false,
        "nome": "analista-tailwind",
        "ocorrencias": 0
      },
      {
        "duracaoMs": 0.2238680000000386,
        "global": false,
        "nome": "analista-css-in-js",
        "ocorrencias": 0
      },
      {
        "duracaoMs": 0.09205099999985578,
        "global": false,
        "nome": "quick-fixes",
        "ocorrencias": 0
      },
      {
        "duracaoMs": 0.21115900000017973,
        "global": false,
        "nome": "detector-dependencias",
        "ocorrencias": 0
      },
      {
        "duracaoMs": 0.21469600000000355,
        "global": false,
        "nome": "analista-funcoes-longas",
        "ocorrencias": 0
      },
      {
        "duracaoMs": 0.2228939999999966,
        "global": false,
        "nome": "analista-padroes-uso",
        "ocorrencias": 0
      },
      {
        "duracaoMs": 0.2164940000000115,
        "global": false,
        "nome": "analista-comandos-cli",
        "ocorrencias": 0
      },
      {
        "duracaoMs": 0.4014600000000428,
        "global": false,
        "nome": "todo-comments",
        "ocorrencias": 0
      },
      {
        "duracaoMs": 0.1632280000001174,
        "global": false,
        "nome": "construcoes-sintaticas",
        "ocorrencias": 0
      },
      {
        "duracaoMs": 0.15768400000001748,
        "global": false,
        "nome": "codigo-fragil",
        "ocorrencias": 0
      },
      {
        "duracaoMs": 0.17027200000006815,
        "global": false,
        "nome": "detector-duplicacoes",
        "ocorrencias": 0
      },
      {
        "duracaoMs": 0.15957700000012665,
        "global": false,
        "nome": "arquitetura",
        "ocorrencias": 0
      },
      {
        "duracaoMs": 1.1589430000001357,
        "global": false,
        "nome": "seguranca",
        "ocorrencias": 0
      },
      {
        "duracaoMs": 0.8225170000000617,
        "global": false,
        "nome": "documentacao",
        "ocorrencias": 1
      },
      {
        "duracaoMs": 0.4189240000000609,
        "global": false,
        "nome": "analista-react",
        "ocorrencias": 0
      },
      {
        "duracaoMs": 0.21077700000000732,
        "global": false,
        "nome": "analista-react-hooks",
        "ocorrencias": 0
      },
      {
        "duracaoMs": 0.27047899999979563,
        "global": false,
        "nome": "analista-tailwind",
        "ocorrencias": 0
      },
      {
        "duracaoMs": 0.17507000000000517,
        "global": false,
        "nome": "analista-css-in-js",
        "ocorrencias": 0
      },
      {
        "duracaoMs": 0.0653580000000602,
        "global": false,
        "nome": "quick-fixes",
        "ocorrencias": 0
      },
      {
        "duracaoMs": 0.17942700000003242,
        "global": false,
        "nome": "detector-dependencias",
        "ocorrencias": 0
      },
      {
        "duracaoMs": 0.7422980000001189,
        "global": false,
        "nome": "analista-funcoes-longas",
        "ocorrencias": 0
      },
      {
        "duracaoMs": 0.3293699999999262,
        "global": false,
        "nome": "analista-padroes-uso",
        "ocorrencias": 0
      },
      {
        "duracaoMs": 0.24693699999988894,
        "global": false,
        "nome": "analista-comandos-cli",
        "ocorrencias": 0
      },
      {
        "duracaoMs": 0.3697770000001128,
        "global": false,
        "nome": "todo-comments",
        "ocorrencias": 0
      },
      {
        "duracaoMs": 0.135323999999855,
        "global": false,
        "nome": "construcoes-sintaticas",
        "ocorrencias": 0
      },
      {
        "duracaoMs": 0.11859700000013618,
        "global": false,
        "nome": "codigo-fragil",
        "ocorrencias": 0
      },
      {
        "duracaoMs": 0.14037599999983286,
        "global": false,
        "nome": "detector-duplicacoes",
        "ocorrencias": 0
      },
      {
        "duracaoMs": 0.1427760000001399,
        "global": false,
        "nome": "arquitetura",
        "ocorrencias": 0
      },
      {
        "duracaoMs": 1.1880859999998847,
        "global": false,
        "nome": "seguranca",
        "ocorrencias": 0
      },
      {
        "duracaoMs": 0.5709779999999682,
        "global": false,
        "nome": "documentacao",
        "ocorrencias": 1
      },
      {
        "duracaoMs": 0.2520879999999579,
        "global": false,
        "nome": "analista-react",
        "ocorrencias": 0
      },
      {
        "duracaoMs": 0.14844300000004296,
        "global": false,
        "nome": "analista-react-hooks",
        "ocorrencias": 0
      },
      {
        "duracaoMs": 0.21270000000004075,
        "global": false,
        "nome": "analista-tailwind",
        "ocorrencias": 0
      },
      {
        "duracaoMs": 0.18849999999997635,
        "global": false,
        "nome": "analista-css-in-js",
        "ocorrencias": 0
      },
      {
        "duracaoMs": 0.11430300000006355,
        "global": false,
        "nome": "quick-fixes",
        "ocorrencias": 0
      }
    ],
    "cacheAstHits": 0,
    "cacheAstMiss": 6,
    "tempoAnaliseMs": 272,
    "tempoParsingMs": 87,
    "timestamp": 1768763554853,
    "totalArquivos": 11
  },
  {
    "analistas": [
      {
        "duracaoMs": 3.222977000000128,
        "global": true,
        "nome": "detector-estrutura",
        "ocorrencias": 1
      },
      {
        "duracaoMs": 15.782672999999932,
        "global": true,
        "nome": "sugestoes-contextuais",
        "ocorrencias": 1
      },
      {
        "duracaoMs": 1.487184999999954,
        "global": false,
        "nome": "analista-formatador",
        "ocorrencias": 0
      },
      {
        "duracaoMs": 3.5172459999998864,
        "global": false,
        "nome": "detector-markdown",
        "ocorrencias": 0
      },
      {
        "duracaoMs": 4.192199999999957,
        "global": false,
        "nome": "analista-formatador",
        "ocorrencias": 0
      },
      {
        "duracaoMs": 0.6564109999999346,
        "global": false,
        "nome": "construcoes-sintaticas",
        "ocorrencias": 0
      },
      {
        "duracaoMs": 0.7801980000001549,
        "global": false,
        "nome": "codigo-fragil",
        "ocorrencias": 0
      },
      {
        "duracaoMs": 0.5932470000000194,
        "global": false,
        "nome": "detector-duplicacoes",
        "ocorrencias": 0
      },
      {
        "duracaoMs": 0.5099770000001627,
        "global": false,
        "nome": "arquitetura",
        "ocorrencias": 0
      },
      {
        "duracaoMs": 4.98402400000009,
        "global": false,
        "nome": "seguranca",
        "ocorrencias": 1
      },
      {
        "duracaoMs": 1.9234969999999976,
        "global": false,
        "nome": "documentacao",
        "ocorrencias": 0
      },
      {
        "duracaoMs": 0.4234209999999621,
        "global": false,
        "nome": "analista-css-in-js",
        "ocorrencias": 0
      },
      {
        "duracaoMs": 0.6873610000000099,
        "global": false,
        "nome": "quick-fixes",
        "ocorrencias": 0
      },
      {
        "duracaoMs": 0.5133640000001378,
        "global": false,
        "nome": "detector-dependencias",
        "ocorrencias": 0
      },
      {
        "duracaoMs": 0.4601949999998851,
        "global": false,
        "nome": "analista-funcoes-longas",
        "ocorrencias": 0
      },
      {
        "duracaoMs": 0.4165619999998853,
        "global": false,
        "nome": "analista-padroes-uso",
        "ocorrencias": 0
      },
      {
        "duracaoMs": 0.4907499999999345,
        "global": false,
        "nome": "analista-comandos-cli",
        "ocorrencias": 0
      },
      {
        "duracaoMs": 1.3831669999999576,
        "global": false,
        "nome": "todo-comments",
        "ocorrencias": 0
      },
      {
        "duracaoMs": 0.16986199999996643,
        "global": false,
        "nome": "construcoes-sintaticas",
        "ocorrencias": 0
      },
      {
        "duracaoMs": 0.12635099999988597,
        "global": false,
        "nome": "codigo-fragil",
        "ocorrencias": 0
      },
      {
        "duracaoMs": 0.13986799999997857,
        "global": false,
        "nome": "detector-duplicacoes",
        "ocorrencias": 0
      },
      {
        "duracaoMs": 0.1221579999998994,
        "global": false,
        "nome": "arquitetura",
        "ocorrencias": 0
      },
      {
        "duracaoMs": 1.2080559999999423,
        "global": false,
        "nome": "seguranca",
        "ocorrencias": 1
      },
      {
        "duracaoMs": 0.9613549999999123,
        "global": false,
        "nome": "documentacao",
        "ocorrencias": 2
      },
      {
        "duracaoMs": 0.6876729999999043,
        "global": false,
        "nome": "analista-react",
        "ocorrencias": 0
      },
      {
        "duracaoMs": 0.24499300000002222,
        "global": false,
        "nome": "analista-react-hooks",
        "ocorrencias": 0
      },
      {
        "duracaoMs": 1.1310849999999846,
        "global": false,
        "nome": "analista-tailwind",
        "ocorrencias": 0
      },
      {
        "duracaoMs": 0.1842780000001767,
        "global": false,
        "nome": "analista-css-in-js",
        "ocorrencias": 0
      },
      {
        "duracaoMs": 0.12672799999995732,
        "global": false,
        "nome": "quick-fixes",
        "ocorrencias": 0
      },
      {
        "duracaoMs": 0.2525350000000799,
        "global": false,
        "nome": "detector-dependencias",
        "ocorrencias": 0
      },
      {
        "duracaoMs": 0.10627299999987372,
        "global": false,
        "nome": "analista-funcoes-longas",
        "ocorrencias": 0
      },
      {
        "duracaoMs": 0.10130700000013348,
        "global": false,
        "nome": "analista-padroes-uso",
        "ocorrencias": 0
      },
      {
        "duracaoMs": 0.10852300000010473,
        "global": false,
        "nome": "analista-comandos-cli",
        "ocorrencias": 0
      },
      {
        "duracaoMs": 0.4628010000001268,
        "global": false,
        "nome": "todo-comments",
        "ocorrencias": 0
      },
      {
        "duracaoMs": 0.15957000000003063,
        "global": false,
        "nome": "construcoes-sintaticas",
        "ocorrencias": 0
      },
      {
        "duracaoMs": 0.0992039999998724,
        "global": false,
        "nome": "codigo-fragil",
        "ocorrencias": 0
      },
      {
        "duracaoMs": 0.08429599999999482,
        "global": false,
        "nome": "detector-duplicacoes",
        "ocorrencias": 0
      },
      {
        "duracaoMs": 0.10033199999998033,
        "global": false,
        "nome": "arquitetura",
        "ocorrencias": 0
      },
      {
        "duracaoMs": 0.5227330000000165,
        "global": false,
        "nome": "seguranca",
        "ocorrencias": 0
      },
      {
        "duracaoMs": 0.2628990000000613,
        "global": false,
        "nome": "documentacao",
        "ocorrencias": 0
      },
      {
        "duracaoMs": 0.16029399999979432,
        "global": false,
        "nome": "analista-react",
        "ocorrencias": 0
      },
      {
        "duracaoMs": 0.09741000000008171,
        "global": false,
        "nome": "analista-react-hooks",
        "ocorrencias": 0
      },
      {
        "duracaoMs": 0.11578400000007605,
        "global": false,
        "nome": "analista-tailwind",
        "ocorrencias": 0
      },
      {
        "duracaoMs": 0.08497499999998581,
        "global": false,
        "nome": "analista-css-in-js",
        "ocorrencias": 0
      },
      {
        "duracaoMs": 0.03678500000000895,
        "global": false,
        "nome": "quick-fixes",
        "ocorrencias": 0
      },
      {
        "duracaoMs": 0.29267700000013974,
        "global": false,
        "nome": "detector-dependencias",
        "ocorrencias": 0
      },
      {
        "duracaoMs": 0.22443599999996877,
        "global": false,
        "nome": "analista-funcoes-longas",
        "ocorrencias": 0
      },
      {
        "duracaoMs": 0.2682680000000346,
        "global": false,
        "nome": "analista-padroes-uso",
        "ocorrencias": 0
      },
      {
        "duracaoMs": 0.24352699999985816,
        "global": false,
        "nome": "analista-comandos-cli",
        "ocorrencias": 0
      },
      {
        "duracaoMs": 0.9630130000000463,
        "global": false,
        "nome": "todo-comments",
        "ocorrencias": 0
      },
      {
        "duracaoMs": 0.23427700000002005,
        "global": false,
        "nome": "construcoes-sintaticas",
        "ocorrencias": 0
      },
      {
        "duracaoMs": 0.20948500000008607,
        "global": false,
        "nome": "codigo-fragil",
        "ocorrencias": 0
      },
      {
        "duracaoMs": 0.20958300000006602,
        "global": false,
        "nome": "detector-duplicacoes",
        "ocorrencias": 0
      },
      {
        "duracaoMs": 0.19803799999999683,
        "global": false,
        "nome": "arquitetura",
        "ocorrencias": 0
      },
      {
        "duracaoMs": 1.738051999999925,
        "global": false,
        "nome": "seguranca",
        "ocorrencias": 0
      },
      {
        "duracaoMs": 0.674775999999838,
        "global": false,
        "nome": "documentacao",
        "ocorrencias": 0
      },
      {
        "duracaoMs": 0.5029550000001564,
        "global": false,
        "nome": "analista-react",
        "ocorrencias": 0
      },
      {
        "duracaoMs": 0.2687599999999293,
        "global": false,
        "nome": "analista-react-hooks",
        "ocorrencias": 0
      },
      {
        "duracaoMs": 0.6378039999999601,
        "global": false,
        "nome": "analista-tailwind",
        "ocorrencias": 0
      },
      {
        "duracaoMs": 0.24560100000007878,
        "global": false,
        "nome": "analista-css-in-js",
        "ocorrencias": 0
      },
      {
        "duracaoMs": 0.08488299999999072,
        "global": false,
        "nome": "quick-fixes",
        "ocorrencias": 0
      },
      {
        "duracaoMs": 0.2401839999999993,
        "global": false,
        "nome": "detector-dependencias",
        "ocorrencias": 0
      },
      {
        "duracaoMs": 0.23137399999995978,
        "global": false,
        "nome": "analista-funcoes-longas",
        "ocorrencias": 0
      },
      {
        "duracaoMs": 0.1769219999998768,
        "global": false,
        "nome": "analista-padroes-uso",
        "ocorrencias": 0
      },
      {
        "duracaoMs": 0.18879900000001726,
        "global": false,
        "nome": "analista-comandos-cli",
        "ocorrencias": 0
      },
      {
        "duracaoMs": 0.3869889999998577,
        "global": false,
        "nome": "todo-comments",
        "ocorrencias": 0
      },
      {
        "duracaoMs": 0.16845499999999447,
        "global": false,
        "nome": "construcoes-sintaticas",
        "ocorrencias": 0
      },
      {
        "duracaoMs": 0.16439300000001822,
        "global": false,
        "nome": "codigo-fragil",
        "ocorrencias": 0
      },
      {
        "duracaoMs": 0.16931099999987964,
        "global": false,
        "nome": "detector-duplicacoes",
        "ocorrencias": 0
      },
      {
        "duracaoMs": 0.1644450000001143,
        "global": false,
        "nome": "arquitetura",
        "ocorrencias": 0
      },
      {
        "duracaoMs": 1.3008520000000772,
        "global": false,
        "nome": "seguranca",
        "ocorrencias": 0
      },
      {
        "duracaoMs": 0.7255800000000363,
        "global": false,
        "nome": "documentacao",
        "ocorrencias": 1
      },
      {
        "duracaoMs": 0.3839290000000801,
        "global": false,
        "nome": "analista-react",
        "ocorrencias": 0
      },
      {
        "duracaoMs": 0.17635700000005272,
        "global": false,
        "nome": "analista-react-hooks",
        "ocorrencias": 0
      },
      {
        "duracaoMs": 0.22701800000004368,
        "global": false,
        "nome": "analista-tailwind",
        "ocorrencias": 0
      },
      {
        "duracaoMs": 0.17515500000013162,
        "global": false,
        "nome": "analista-css-in-js",
        "ocorrencias": 0
      },
      {
        "duracaoMs": 0.07089599999994789,
        "global": false,
        "nome": "quick-fixes",
        "ocorrencias": 0
      },
      {
        "duracaoMs": 0.18758299999990413,
        "global": false,
        "nome": "detector-dependencias",
        "ocorrencias": 0
      },
      {
        "duracaoMs": 0.680746999999883,
        "global": false,
        "nome": "analista-funcoes-longas",
        "ocorrencias": 0
      },
      {
        "duracaoMs": 0.339949999999817,
        "global": false,
        "nome": "analista-padroes-uso",
        "ocorrencias": 0
      },
      {
        "duracaoMs": 0.2334840000000895,
        "global": false,
        "nome": "analista-comandos-cli",
        "ocorrencias": 0
      },
      {
        "duracaoMs": 0.3604419999999209,
        "global": false,
        "nome": "todo-comments",
        "ocorrencias": 0
      },
      {
        "duracaoMs": 0.13148000000001048,
        "global": false,
        "nome": "construcoes-sintaticas",
        "ocorrencias": 0
      },
      {
        "duracaoMs": 0.1171079999999165,
        "global": false,
        "nome": "codigo-fragil",
        "ocorrencias": 0
      },
      {
        "duracaoMs": 0.1371550000001207,
        "global": false,
        "nome": "detector-duplicacoes",
        "ocorrencias": 0
      },
      {
        "duracaoMs": 0.13781599999992977,
        "global": false,
        "nome": "arquitetura",
        "ocorrencias": 0
      },
      {
        "duracaoMs": 1.5929920000000948,
        "global": false,
        "nome": "seguranca",
        "ocorrencias": 0
      },
      {
        "duracaoMs": 6.242231999999831,
        "global": false,
        "nome": "documentacao",
        "ocorrencias": 1
      },
      {
        "duracaoMs": 0.23718400000007023,
        "global": false,
        "nome": "analista-react",
        "ocorrencias": 0
      },
      {
        "duracaoMs": 0.10263899999995374,
        "global": false,
        "nome": "analista-react-hooks",
        "ocorrencias": 0
      },
      {
        "duracaoMs": 0.15417299999990064,
        "global": false,
        "nome": "analista-tailwind",
        "ocorrencias": 0
      },
      {
        "duracaoMs": 0.09794600000009268,
        "global": false,
        "nome": "analista-css-in-js",
        "ocorrencias": 0
      },
      {
        "duracaoMs": 0.09372099999995953,
        "global": false,
        "nome": "quick-fixes",
        "ocorrencias": 0
      }
    ],
    "cacheAstHits": 0,
    "cacheAstMiss": 6,
    "tempoAnaliseMs": 304,
    "tempoParsingMs": 93,
    "timestamp": 1768763640144,
    "totalArquivos": 12
  }
]